Series Name,Series Code,Country Name,Country Code,2010 [YR2010],2011 [YR2011],2012 [YR2012],2013 [YR2013],2014 [YR2014],2015 [YR2015],2016 [YR2016]
GDP per capita (current US$),NY.GDP.PCAP.CD,Afghanistan,AFG,569.940728793286,622.379654358451,690.842629014956,653.347488111011,633.947864294639,590.269515382605,..
GDP per capita (current US$),NY.GDP.PCAP.CD,Albania,ALB,4094.35883191918,4437.8119990258,4247.83985201907,4412.34557813421,4588.64944014811,3965.01680558488,..
GDP per capita (current US$),NY.GDP.PCAP.CD,Algeria,DZA,4473.48644568115,5447.40397556569,5583.61615950131,5491.6144135648,5484.0668056148,4206.03123244958,..
GDP per capita (current US$),NY.GDP.PCAP.CD,American Samoa,ASM,..,..,..,..,..,..,..
GDP per capita (current US$),NY.GDP.PCAP.CD,Andorra,ADO,39639.386021211,41630.0525792977,39666.3692147448,42806.5224483021,..,..,..
GDP per capita (current US$),NY.GDP.PCAP.CD,Angola,AGO,3886.47935432524,4744.98762949589,5086.8484258086,5327.14889219232,5232.69050054132,4102.11858969272,..
GDP per capita (current US$),NY.GDP.PCAP.CD,Antigua and Barbuda,ATG,13017.3103875487,12817.8415733094,13525.616220134,13342.0849977054,13432.0792079208,14128.8785463675,..
GDP per capita (current US$),NY.GDP.PCAP.CD,Argentina,ARG,10332.0323662966,12800.2018563295,13040.306395228,13027.2048221392,12324.9387857728,13431.8783398577,..
GDP per capita (current US$),NY.GDP.PCAP.CD,Armenia,ARM,3124.78401786195,3417.17183599915,3565.5175749254,3716.82892254464,3873.53356580682,3499.80421759862,..
GDP per capita (current US$),NY.GDP.PCAP.CD,Aruba,ABW,24289.1415161326,25353.7875446441,..,..,..,..,..
GDP per capita (current US$),NY.GDP.PCAP.CD,Australia,AUS,51845.6548605562,62216.5471294133,67646.1038529626,67652.6832146189,61995.8296976,56327.7214484289,..
GDP per capita (current US$),NY.GDP.PCAP.CD,Austria,AUT,46659.8408181344,51123.5613291663,48324.2540367606,50557.8038059874,51148.3588760796,43438.8630381343,..
GDP per capita (current US$),NY.GDP.PCAP.CD,Azerbaijan,AZE,5842.80578358576,7189.69122920765,7393.77187697623,7811.6214184582,7886.45914367274,5496.34464026248,..
GDP per capita (current US$),NY.GDP.PCAP.CD,"Bahamas, The",BHS,21920.5165867583,21514.8986531628,22112.6083547268,22315.6036533886,22217.4941392075,22896.9236868716,..
GDP per capita (current US$),NY.GDP.PCAP.CD,Bahrain,BHR,20386.0175551116,22238.7119502059,23063.1322870426,24378.9448284188,24855.2156350086,23395.7476902684,..
GDP per capita (current US$),NY.GDP.PCAP.CD,Bangladesh,BGD,760.331935200195,838.547801702232,858.933362587621,954.396399715624,1086.80008676935,1211.70153057661,..
GDP per capita (current US$),NY.GDP.PCAP.CD,Barbados,BRB,15901.4329353355,15530.8942915589,15317.1390013495,15153.8213753482,15366.2926106288,15660.6794152314,..
GDP per capita (current US$),NY.GDP.PCAP.CD,Belarus,BLR,5818.8548592158,6305.77366247653,6721.83490773968,7722.12335060436,8025.30435552468,5740.45649479562,..
GDP per capita (current US$),NY.GDP.PCAP.CD,Belgium,BEL,44382.8797683492,47699.8070518961,44734.4523465803,46622.4679873931,47299.8601085612,40231.2831740081,..
GDP per capita (current US$),NY.GDP.PCAP.CD,Belize,BLZ,4344.13666906088,4516.23303047149,4673.55519784264,4723.59432062825,4884.3686203818,4906.9406908683,..
GDP per capita (current US$),NY.GDP.PCAP.CD,Benin,BEN,732.953622726674,799.03555913143,807.688451017232,882.638633279988,903.464924007693,779.067867757338,..
GDP per capita (current US$),NY.GDP.PCAP.CD,Bermuda,BMU,88207.3275597322,85973.158416455,85458.455507886,85748.0654143782,..,..,..
GDP per capita (current US$),NY.GDP.PCAP.CD,Bhutan,BTN,2201.29307778936,2485.78705216849,2452.15158793741,2383.04472990264,2560.52213174131,2532.45446832741,..
GDP per capita (current US$),NY.GDP.PCAP.CD,Bolivia,BOL,1981.16010525701,2377.70068972888,2645.29027433174,2948.03291763073,3124.08076212353,3095.3596925636,..
GDP per capita (current US$),NY.GDP.PCAP.CD,Bosnia and Herzegovina,BIH,4475.08813004565,4860.78181134244,4494.64064038047,4748.04069226421,4851.66052786926,4197.80730449044,..
GDP per capita (current US$),NY.GDP.PCAP.CD,Botswana,BWA,6244.00257387272,7504.85090744898,6885.82968106945,6806.67746673071,7153.44432535212,6360.64477568565,..
GDP per capita (current US$),NY.GDP.PCAP.CD,Brazil,BRA,11121.4209541496,13039.1216499582,12157.3082176473,12071.7779871352,11728.7993875108,8538.5899749574,..
GDP per capita (current US$),NY.GDP.PCAP.CD,British Virgin Islands,VGB,..,..,..,..,..,..,..
GDP per capita (current US$),NY.GDP.PCAP.CD,Brunei Darussalam,BRN,31453.2243965354,41787.0214028978,41807.6533410575,39151.2342290391,40979.6419433378,36607.9278817468,..
GDP per capita (current US$),NY.GDP.PCAP.CD,Bulgaria,BGR,6752.55217774882,7750.03988003072,7333.35507303945,7656.63850554922,7851.26542804234,6819.86910816324,..
GDP per capita (current US$),NY.GDP.PCAP.CD,Burkina Faso,BFA,574.458089293656,665.807446693793,673.026783425407,709.071247673448,713.456441626675,613.04190350453,..
GDP per capita (current US$),NY.GDP.PCAP.CD,Burundi,BDI,214.230990840075,240.614483459126,244.19648623151,259.365208150184,286.002335872952,275.982345424148,..
GDP per capita (current US$),NY.GDP.PCAP.CD,Cabo Verde,CPV,3393.92749190379,3766.11165442324,3497.69114086984,3623.22242981431,3641.10765586575,3131.13105247824,..
GDP per capita (current US$),NY.GDP.PCAP.CD,Cambodia,KHM,782.692789877004,879.15124409234,946.476678710416,1024.60886982001,1094.57668777899,1158.68990352486,..
GDP per capita (current US$),NY.GDP.PCAP.CD,Cameroon,CMR,1147.2423467852,1258.92465066853,1222.19214220436,1331.20002144388,1407.40341322234,1250.77745553629,..
GDP per capita (current US$),NY.GDP.PCAP.CD,Canada,CAN,47445.7619347846,52083.8262233942,52495.2884719937,52266.1756761394,50185.4814970346,43248.529909341,..
GDP per capita (current US$),NY.GDP.PCAP.CD,Cayman Islands,CYM,..,..,..,..,..,..,..
GDP per capita (current US$),NY.GDP.PCAP.CD,Central African Republic,CAF,446.800204552837,488.357342192885,472.818218057294,317.167370468595,351.994226017866,306.778752292853,..
GDP per capita (current US$),NY.GDP.PCAP.CD,Chad,TCD,895.877995851542,988.44315979422,972.679345110246,985.095322000684,1024.66835402191,775.695090525313,..
GDP per capita (current US$),NY.GDP.PCAP.CD,Channel Islands,CHI,..,..,..,..,..,..,..
GDP per capita (current US$),NY.GDP.PCAP.CD,Chile,CHL,12785.0518749485,14582.1705198579,15253.3308268878,15764.7554534036,14566.1490549183,13383.8767996662,..
GDP per capita (current US$),NY.GDP.PCAP.CD,China,CHN,4514.94052013381,5574.18709336902,6264.64387793993,6991.85386564447,7587.28973166335,7924.65395661835,..
GDP per capita (current US$),NY.GDP.PCAP.CD,Colombia,COL,6250.65449979147,7227.77082955644,7885.06129230214,8030.69086053799,7918.07890039352,6056.14771720405,..
GDP per capita (current US$),NY.GDP.PCAP.CD,Comoros,COM,739.897790576235,790.568095579413,750.314608600501,796.764538376469,810.075760030612,..,..
GDP per capita (current US$),NY.GDP.PCAP.CD,"Congo, Dem. Rep.",ZAR,311.247895988429,350.270654249723,390.706603504699,413.695798374815,437.814931178272,456.052740548312,..
GDP per capita (current US$),NY.GDP.PCAP.CD,"Congo, Rep.",COG,2953.18500787675,3453.22122885647,3191.16429881094,3205.4577827894,3147.07152408764,1851.19991555492,..
GDP per capita (current US$),NY.GDP.PCAP.CD,Costa Rica,CRI,7985.95103532732,8963.68005199175,9733.39693054024,10461.5775053474,10415.4566496773,10629.8443220455,..
GDP per capita (current US$),NY.GDP.PCAP.CD,Cote d'Ivoire,CIV,1236.08519806872,1231.86783405173,1281.38286516731,1447.22282098015,1545.94224925162,1398.69458900615,..
GDP per capita (current US$),NY.GDP.PCAP.CD,Croatia,HRV,13509.1858157682,14542.1775991872,13235.9775701749,13574.9780420161,13480.6507536281,11535.8293558997,..
GDP per capita (current US$),NY.GDP.PCAP.CD,Cuba,CUB,5688.66673216525,6092.61390179952,6448.1556351432,6789.84959742592,..,..,..
GDP per capita (current US$),NY.GDP.PCAP.CD,Curacao,CUW,..,..,..,..,..,..,..
GDP per capita (current US$),NY.GDP.PCAP.CD,Cyprus,CYP,30438.9001948061,31836.6195112171,28868.2738161645,27909.107205255,27245.7446249009,22957.3979825514,..
GDP per capita (current US$),NY.GDP.PCAP.CD,Czech Republic,CZE,19763.9637984737,21656.9414181786,19640.9286597038,19813.8715746383,19502.4173306083,17231.2817109642,..
GDP per capita (current US$),NY.GDP.PCAP.CD,Denmark,DNK,57647.668762065,61304.0612046553,58125.3648186912,60361.7387715794,61330.9126252044,52002.1510437879,..
GDP per capita (current US$),NY.GDP.PCAP.CD,Djibouti,DJI,1358.46050004911,1472.01420497368,1586.78013328429,1683.42992283707,1813.59622614428,..,..
GDP per capita (current US$),NY.GDP.PCAP.CD,Dominica,DMA,6937.2560836301,7023.35342821604,6768.29441564044,7036.54838784344,7251.83505895688,7399.25395951813,..
GDP per capita (current US$),NY.GDP.PCAP.CD,Dominican Republic,DOM,5441.96574880243,5820.39629964542,5967.0009840488,5952.32900678338,6147.3435691579,6373.55355280729,..
GDP per capita (current US$),NY.GDP.PCAP.CD,Ecuador,ECU,4657.30173745799,5223.37757490143,5702.16828789377,6051.61112938686,6345.84072505948,6248.11087312643,..
GDP per capita (current US$),NY.GDP.PCAP.CD,"Egypt, Arab Rep.",EGY,2668.03598826159,2816.66694347778,3226.13137881998,3264.45006267526,3365.70742057477,3614.74676616271,..
GDP per capita (current US$),NY.GDP.PCAP.CD,El Salvador,SLV,3547.07098315322,3821.33858985521,3921.72039511659,3998.73949938617,4102.0638517964,4219.35032953932,..
GDP per capita (current US$),NY.GDP.PCAP.CD,Equatorial Guinea,GNQ,17441.0925450303,22944.9262899318,23278.2300613417,21497.894425719,18918.2768313328,11120.8579902839,..
GDP per capita (current US$),NY.GDP.PCAP.CD,Eritrea,ERI,451.426693297243,544.462431141676,..,..,..,..,..
GDP per capita (current US$),NY.GDP.PCAP.CD,Estonia,EST,14641.4031443742,17453.7537611724,17490.9931300409,19155.4212505428,20147.7782167553,17295.36383043,..
GDP per capita (current US$),NY.GDP.PCAP.CD,Ethiopia,ETH,341.85895616943,355.588991513187,469.792303889824,503.902606586893,573.565960346077,619.143563112135,..
GDP per capita (current US$),NY.GDP.PCAP.CD,Faroe Islands,FRO,47381.5227624969,50910.4340505074,48695.1711837983,54117.8444148388,..,..,..
GDP per capita (current US$),NY.GDP.PCAP.CD,Fiji,FJI,3651.9582906354,4351.91933412407,4550.26709452374,4765.84402994337,5112.38189037251,4916.25099567297,..
GDP per capita (current US$),NY.GDP.PCAP.CD,Finland,FIN,46205.1660111855,50787.5649828531,47415.5598711351,49638.0771298139,49864.5762453579,41920.7977456941,..
GDP per capita (current US$),NY.GDP.PCAP.CD,France,FRA,40705.7662299421,43807.4759032413,40838.024436834,42571.1979897409,42546.8387870273,36248.1801907194,..
GDP per capita (current US$),NY.GDP.PCAP.CD,French Polynesia,PYF,..,..,..,..,..,..,..
GDP per capita (current US$),NY.GDP.PCAP.CD,Gabon,GAB,9312.04946268888,11530.1472010731,10642.4322523013,10658.7727292505,10772.0617537637,8311.47651219177,..
GDP per capita (current US$),NY.GDP.PCAP.CD,"Gambia, The",GMB,562.568166142471,516.984254988416,504.989013819816,484.112864967249,441.293817014382,..,..
GDP per capita (current US$),NY.GDP.PCAP.CD,Georgia,GEO,2964.47704802208,3725.06322121592,4142.8691753655,4274.37687295064,4429.65007451491,3795.97330845042,..
GDP per capita (current US$),NY.GDP.PCAP.CD,Germany,DEU,41788.0447853084,45936.0812598523,44010.9313869814,45600.7745095204,47767.0019056435,41219.049207038,..
GDP per capita (current US$),NY.GDP.PCAP.CD,Ghana,GHA,1323.09914056856,1587.19087274761,1641.82592182439,1827.10136779993,1441.63645311166,1381.41247833098,..
GDP per capita (current US$),NY.GDP.PCAP.CD,Gibraltar,GIB,..,..,..,..,..,..,..
GDP per capita (current US$),NY.GDP.PCAP.CD,Greece,GRC,26919.3616367757,25914.6815458943,22242.681934771,21842.7033068901,21627.3542876417,18035.5543201083,..
GDP per capita (current US$),NY.GDP.PCAP.CD,Greenland,GRL,40193.6660251226,44010.3332192995,41471.6558845075,42827.8082665792,43364.8828499176,..,..
GDP per capita (current US$),NY.GDP.PCAP.CD,Grenada,GRD,7365.6666592364,7410.76107991498,7583.54647643206,7956.14184182861,8573.69394895841,9156.54713922909,..
GDP per capita (current US$),NY.GDP.PCAP.CD,Guam,GUM,..,..,..,..,..,..,..
GDP per capita (current US$),NY.GDP.PCAP.CD,Guatemala,GTM,2805.95141622266,3166.58231162147,3278.62912810215,3432.02178123188,3666.59460633312,3903.49084220656,..
GDP per capita (current US$),NY.GDP.PCAP.CD,Guinea,GIN,430.0564738591,447.790989285501,487.345714209237,521.538905868244,539.615774988756,531.320595188714,..
GDP per capita (current US$),NY.GDP.PCAP.CD,Guinea-Bissau,GNB,518.598360839748,660.586769356136,580.643367387967,584.281845186903,615.940922199717,573.028618907732,..
GDP per capita (current US$),NY.GDP.PCAP.CD,Guyana,GUY,2998.94127424089,3408.73190339614,3759.38354709702,3928.87894976629,4028.1639914829,4127.35101806198,..
GDP per capita (current US$),NY.GDP.PCAP.CD,Haiti,HTI,662.279518162433,740.947823017575,766.872233425335,810.326549589374,830.150055114368,828.812471368852,..
GDP per capita (current US$),NY.GDP.PCAP.CD,Honduras,HND,2110.8220208871,2323.75711462464,2395.07344192129,2356.51670365541,2434.280046303,2495.59049758671,..
GDP per capita (current US$),NY.GDP.PCAP.CD,"Hong Kong SAR, China",HKG,32549.998231121,35142.4879344543,36707.7742282554,38364.1949010023,40215.6677311265,42422.8740206243,..
GDP per capita (current US$),NY.GDP.PCAP.CD,Hungary,HUN,13009.3453790731,14032.7742633362,12819.7120588032,13585.4301761498,14021.902274347,12259.1150279573,..
GDP per capita (current US$),NY.GDP.PCAP.CD,Iceland,ISL,41620.0674537296,45970.8936808937,44258.8427932005,47493.2490377262,52036.7318144531,50173.3399156473,..
GDP per capita (current US$),NY.GDP.PCAP.CD,India,IND,1387.88008401275,1455.66677851326,1444.266597568,1456.20162816791,1576.81766887286,1581.58891324619,..
GDP per capita (current US$),NY.GDP.PCAP.CD,Indonesia,IDN,3125.21993359966,3647.62662181143,3700.52353809447,3631.67269360347,3499.58873476515,3346.48703949478,..
GDP per capita (current US$),NY.GDP.PCAP.CD,"Iran, Islamic Rep.",IRN,6299.91873790671,7874.48479201376,7710.51331388451,6631.29827041489,5442.87477076039,..,..
GDP per capita (current US$),NY.GDP.PCAP.CD,Iraq,IRQ,4487.36628937513,5828.7647485099,6614.58482115726,6816.62829893909,6336.46806615634,4629.07663359338,..
GDP per capita (current US$),NY.GDP.PCAP.CD,Ireland,IRL,48260.6653583236,52828.4200254714,48976.9297533848,51814.8592992947,54321.2877185124,51289.7304352308,..
GDP per capita (current US$),NY.GDP.PCAP.CD,Isle of Man,IMY,64277.0637484897,71307.493719742,74993.6406870089,78119.0598732396,..,..,..
GDP per capita (current US$),NY.GDP.PCAP.CD,Israel,ISR,30736.3638939294,33707.3249639477,32818.8583768828,36281.1998962546,37206.1829418069,35329.5110979167,..
GDP per capita (current US$),NY.GDP.PCAP.CD,Italy,ITA,35851.5080738451,38332.3003680405,34814.1243593936,35367.6030486724,35179.6539515302,29847.0497853143,..
GDP per capita (current US$),NY.GDP.PCAP.CD,Jamaica,JAM,4902.03473104734,5332.47436123876,5445.89471774139,5253.79100953156,5119.2184171202,5137.91553043876,..
GDP per capita (current US$),NY.GDP.PCAP.CD,Japan,JPN,42935.2527196828,46229.9723879442,46701.0080028836,38549.6780060974,36152.6900171468,32477.2151449234,..
GDP per capita (current US$),NY.GDP.PCAP.CD,Jordan,JOR,4054.27066775675,4266.07702155425,4423.11735483368,4656.21980691606,4830.97691525943,4940.04583805643,..
GDP per capita (current US$),NY.GDP.PCAP.CD,Kazakhstan,KAZ,9070.64997199985,12102.6868573563,12857.8988059156,14310.0250195545,13154.8445922887,10508.3964031895,..
GDP per capita (current US$),NY.GDP.PCAP.CD,Kenya,KEN,991.850545143199,1012.8797726673,1184.92325604363,1261.09286307733,1368.49113215797,1376.71282894881,..
GDP per capita (current US$),NY.GDP.PCAP.CD,Kiribati,KIR,1465.50457444028,1645.80974031399,1641.19741919084,1556.52578719575,1509.52118657047,1291.87997128586,..
GDP per capita (current US$),NY.GDP.PCAP.CD,"Korea, Dem. People’s Rep.",PRK,..,..,..,..,..,..,..
GDP per capita (current US$),NY.GDP.PCAP.CD,"Korea, Rep.",KOR,22151.2088921324,24155.8298493082,24453.9719124644,25997.8810547699,27989.3539925863,27221.5240509661,..
GDP per capita (current US$),NY.GDP.PCAP.CD,Kosovo,KSV,3283.21193843172,3736.84099938332,3600.88700027693,3890.3006647896,4073.81911686883,3553.36734269062,..
GDP per capita (current US$),NY.GDP.PCAP.CD,Kuwait,KWT,37725.141206371,47551.3829674489,50903.9046037897,48463.1516704617,43593.7020176514,28984.6433890283,..
GDP per capita (current US$),NY.GDP.PCAP.CD,Kyrgyz Republic,KGZ,880.037775119109,1123.8831680627,1177.97473487848,1282.43716202467,1279.76978265986,1103.2153515202,..
GDP per capita (current US$),NY.GDP.PCAP.CD,Lao PDR,LAO,1147.09538658271,1300.97960150014,1445.86945014266,1700.98737845792,1751.39697066336,1812.32676524824,..
GDP per capita (current US$),NY.GDP.PCAP.CD,Latvia,LVA,11319.517002394,13781.2097866151,13775.2615846281,15015.8346769086,15692.1915611781,13664.9414278021,..
GDP per capita (current US$),NY.GDP.PCAP.CD,Lebanon,LBN,8763.79596416551,8728.56591181142,8773.93195644805,8388.97333273521,8148.6391668339,8050.75075624426,..
GDP per capita (current US$),NY.GDP.PCAP.CD,Lesotho,LSO,1087.98277034468,1241.20570623397,1158.80422205502,1064.82832238391,1034.18528751221,..,..
GDP per capita (current US$),NY.GDP.PCAP.CD,Liberia,LBR,326.604438111264,378.814062448677,414.185155441744,453.339457045359,457.858586520261,455.873934536237,..
GDP per capita (current US$),NY.GDP.PCAP.CD,Libya,LBY,11933.7792588018,5517.77956923157,13035.1922002032,10453.9704394131,6573.38673726201,4643.30576247058,..
GDP per capita (current US$),NY.GDP.PCAP.CD,Liechtenstein,LIE,140101.967275142,157092.969386695,149160.758132157,..,..,..,..
GDP per capita (current US$),NY.GDP.PCAP.CD,Lithuania,LTU,11988.757967609,14367.2093249849,14342.5234770018,15694.0962942719,16489.7289835331,14172.2210702975,..
GDP per capita (current US$),NY.GDP.PCAP.CD,Luxembourg,LUX,103267.276511115,113239.56097199,105447.093240743,113726.638978771,116612.884151875,101449.968168042,..
GDP per capita (current US$),NY.GDP.PCAP.CD,"Macao SAR, China",MAC,52604.3271347173,67150.2767545254,77145.0395041344,90746.10886213,96074.8369597196,78585.8770573122,..
GDP per capita (current US$),NY.GDP.PCAP.CD,"Macedonia, FYR",MKD,4561.17754644919,5079.9620789636,4709.51162777738,5219.53568101849,5453.28127512774,4852.65784744443,..
GDP per capita (current US$),NY.GDP.PCAP.CD,Madagascar,MDG,414.142787218657,456.329307134312,444.958493750152,462.973999137211,467.130334270816,411.816055713571,..
GDP per capita (current US$),NY.GDP.PCAP.CD,Malawi,MWI,471.207752434354,525.651739290892,383.969459754717,340.879420492438,362.247486595025,381.370536197336,..
GDP per capita (current US$),NY.GDP.PCAP.CD,Malaysia,MYS,9069.04175699503,10427.7560500121,10834.6590783671,10973.6559383179,11307.064952828,9766.16575200497,..
GDP per capita (current US$),NY.GDP.PCAP.CD,Maldives,MDV,6330.79498041553,6497.55044274666,6529.97807019209,7112.46821987818,7640.6471532801,7681.07576733719,..
GDP per capita (current US$),NY.GDP.PCAP.CD,Mali,MLI,704.064620886671,829.849231276721,772.249921673187,798.318480769749,842.114337237737,744.346106077478,..
GDP per capita (current US$),NY.GDP.PCAP.CD,Malta,MLT,19694.0831567142,22347.708423805,21176.3099827802,22776.1946886632,..,..,..
GDP per capita (current US$),NY.GDP.PCAP.CD,Marshall Islands,MHL,3124.34344775456,3290.02918516168,3502.26070428711,3602.85394410217,3529.74830339742,..,..
GDP per capita (current US$),NY.GDP.PCAP.CD,Mauritania,MRT,1207.82745750371,1402.66912860389,1385.00468177818,1457.836387254,1370.98521248511,..,..
GDP per capita (current US$),NY.GDP.PCAP.CD,Mauritius,MUS,7772.10005652754,8984.62976859867,9113.64064294,9479.86959015448,10002.8704750471,9116.82771519446,..
GDP per capita (current US$),NY.GDP.PCAP.CD,Mexico,MEX,8861.49371999101,9730.277761437,9720.56167412905,10197.4445635608,10350.814693018,9009.2611626629,..
GDP per capita (current US$),NY.GDP.PCAP.CD,"Micronesia, Fed. Sts.",FSM,2838.44854708113,2998.64219722448,3147.67920215769,3044.07737286632,3057.09102471788,..,..
GDP per capita (current US$),NY.GDP.PCAP.CD,Moldova,MDA,1631.53583179532,1970.57137253336,2046.53678665109,2243.979662444,2244.76376248334,1843.24280182141,..
GDP per capita (current US$),NY.GDP.PCAP.CD,Monaco,MCO,145221.191568424,163351.646685562,..,..,..,..,..
GDP per capita (current US$),NY.GDP.PCAP.CD,Mongolia,MNG,2650.34688487431,3772.93154739095,4377.2388700925,4400.61451460346,4201.73771089327,3973.43983362286,..
GDP per capita (current US$),NY.GDP.PCAP.CD,Montenegro,MNE,6682.28115774575,7318.74469026724,6586.7212793222,7186.81145498166,7378.04440441034,6415.03408351413,..
GDP per capita (current US$),NY.GDP.PCAP.CD,Morocco,MAR,2857.6734140278,3066.50315775774,2931.40019953372,3153.77201872625,3190.31044414024,2871.51358828203,..
GDP per capita (current US$),NY.GDP.PCAP.CD,Mozambique,MOZ,417.501231533203,524.89145294127,564.812463094317,605.234444722447,622.638064437746,525.008155116386,..
GDP per capita (current US$),NY.GDP.PCAP.CD,Myanmar,MMR,..,..,1421.48386393938,1106.99157606477,1203.84472110364,1203.50538655951,..
GDP per capita (current US$),NY.GDP.PCAP.CD,Namibia,NAM,5143.13067579247,5539.61515966925,5679.82912868023,5420.81169032783,5342.94446039872,4695.76514977115,..
GDP per capita (current US$),NY.GDP.PCAP.CD,Nauru,NRU,..,..,..,..,..,..,..
GDP per capita (current US$),NY.GDP.PCAP.CD,Nepal,NPL,595.427519830012,695.883198294347,685.496758554012,692.336309425971,701.680063399496,732.298716316243,..
GDP per capita (current US$),NY.GDP.PCAP.CD,Netherlands,NLD,50341.251919716,53537.2751512189,49474.705606422,51425.0789882648,52138.6839244096,44433.4143287366,..
GDP per capita (current US$),NY.GDP.PCAP.CD,New Caledonia,NCL,..,..,..,..,..,..,..
GDP per capita (current US$),NY.GDP.PCAP.CD,New Zealand,NZL,33692.1695969513,38426.695330151,40066.5648004195,42928.0963291754,44380.426584212,37807.9672760442,..
GDP per capita (current US$),NY.GDP.PCAP.CD,Nicaragua,NIC,1523.48146882139,1679.74820015716,1776.2092435787,1829.02498918094,1960.49090771313,2086.89500277099,..
GDP per capita (current US$),NY.GDP.PCAP.CD,Niger,NER,351.006218346786,378.200546574048,393.64342304494,417.670309304738,431.381682137856,358.958152040005,..
GDP per capita (current US$),NY.GDP.PCAP.CD,Nigeria,NGA,2314.96353665347,2514.14862151929,2739.85218903906,2979.84415000393,3203.24429573261,2640.2907388575,..
GDP per capita (current US$),NY.GDP.PCAP.CD,Northern Mariana Islands,MNP,..,..,..,..,..,..,..
GDP per capita (current US$),NY.GDP.PCAP.CD,Norway,NOR,87646.2700974708,100575.117263444,101563.702677597,102910.435039364,97429.7084759454,74734.564089525,..
GDP per capita (current US$),NY.GDP.PCAP.CD,Oman,OMN,19920.6495686354,21164.3357574377,21533.807603293,20011.3477786118,19309.6124499023,15645.0807292348,..
GDP per capita (current US$),NY.GDP.PCAP.CD,Pakistan,PAK,1043.30020503812,1230.81542756809,1266.38075811451,1275.71274958523,1315.26762194284,1428.98863660717,..
GDP per capita (current US$),NY.GDP.PCAP.CD,Palau,PLW,8978.9936492428,9701.05794428807,10319.9074966275,10932.6449639084,11892.6861639096,13498.661406228,..
GDP per capita (current US$),NY.GDP.PCAP.CD,Panama,PAN,7987.06037222421,9335.69162127215,10672.3589459904,11786.6331746496,12712.431328999,13268.1137429275,..
GDP per capita (current US$),NY.GDP.PCAP.CD,Papua New Guinea,PNG,1418.92359069215,1838.69919868665,2151.2102765496,2108.8316426359,2268.17253944302,..,..
GDP per capita (current US$),NY.GDP.PCAP.CD,Paraguay,PRY,3225.59175373637,3983.4985035205,3858.03649227468,4479.95505217335,4712.87020536405,4160.60656240269,..
GDP per capita (current US$),NY.GDP.PCAP.CD,Peru,PER,5056.2953131981,5731.69886823381,6389.63057629035,6609.71336926238,6549.3892292809,6121.86447303249,..
GDP per capita (current US$),NY.GDP.PCAP.CD,Philippines,PHL,2145.24000707339,2371.85353662821,2604.65599683702,2786.95046841825,2872.51216471657,2899.37527818265,..
GDP per capita (current US$),NY.GDP.PCAP.CD,Poland,POL,12597.4587924553,13891.14168806,13142.0459946086,13776.4547643996,14337.2063674308,12494.4661900747,..
GDP per capita (current US$),NY.GDP.PCAP.CD,Portugal,PRT,22539.9960076117,23194.7409567701,20577.4026375899,21618.7353389663,22124.3670925451,19222.9355983016,..
GDP per capita (current US$),NY.GDP.PCAP.CD,Puerto Rico,PRI,26435.7330836866,27278.8452337977,27811.5557986588,28703.7323699256,..,..,..
GDP per capita (current US$),NY.GDP.PCAP.CD,Qatar,QAT,70870.2265835221,89115.9014908449,94407.406919562,96076.9963757655,96732.5290262219,74667.1970705737,..
GDP per capita (current US$),NY.GDP.PCAP.CD,Romania,ROM,8297.48362072379,9200.27782470489,8558.3976056224,9585.26659264653,10011.7859226299,8972.92251840971,..
GDP per capita (current US$),NY.GDP.PCAP.CD,Russian Federation,RUS,10674.9972024184,14212.080885022,15154.4722788295,15543.6978380394,13902.1428503026,9057.11306037766,..
GDP per capita (current US$),NY.GDP.PCAP.CD,Rwanda,RWA,553.597457610684,606.902886399677,667.414582334439,678.998166944053,697.626501273706,697.34822808289,..
GDP per capita (current US$),NY.GDP.PCAP.CD,Samoa,WSM,3530.57399435316,4065.9559198279,4257.30572854147,4179.59768103648,4172.21710037661,3938.54884570316,..
GDP per capita (current US$),NY.GDP.PCAP.CD,San Marino,SMR,..,..,..,..,..,..,..
GDP per capita (current US$),NY.GDP.PCAP.CD,Sao Tome and Principe,STP,1142.18231129529,1374.13192098877,1488.04800312555,1675.74756929312,1810.72156164921,..,..
GDP per capita (current US$),NY.GDP.PCAP.CD,Saudi Arabia,SAU,18753.9812332079,23256.0956126438,24883.1897146534,24646.0208730264,24406.4678217219,20481.7453220484,..
GDP per capita (current US$),NY.GDP.PCAP.CD,Senegal,SEN,998.119695502128,1081.13151800024,1019.27223025869,1051.37642128639,1067.131753327,910.788687979603,..
GDP per capita (current US$),NY.GDP.PCAP.CD,Serbia,SRB,5411.87740391911,6423.29178334583,5659.38020403691,6353.82638279332,6200.17322102474,5143.94992561858,..
GDP per capita (current US$),NY.GDP.PCAP.CD,Seychelles,SYC,10804.6844747547,12189.0951601357,12845.17363161,15695.8983393592,15563.7942183676,15476.01944443,..
GDP per capita (current US$),NY.GDP.PCAP.CD,Sierra Leone,SLE,453.022040727552,505.263716987032,637.652208819478,802.535625496596,792.583550409334,693.408045666733,..
GDP per capita (current US$),NY.GDP.PCAP.CD,Singapore,SGP,46569.6795060716,53093.6701495192,54451.210333388,55617.6125035777,56007.288209027,52888.7446717529,..
GDP per capita (current US$),NY.GDP.PCAP.CD,Sint Maarten (Dutch part),SXM,..,..,..,..,..,..,..
GDP per capita (current US$),NY.GDP.PCAP.CD,Slovak Republic,SVK,16554.8787976196,18138.7234166753,17207.2784936729,18108.5217487811,18501.4296155336,15962.5722388828,..
GDP per capita (current US$),NY.GDP.PCAP.CD,Slovenia,SVN,23438.8471646302,24983.6937254464,22477.6038085909,23144.1167154096,24001.880133688,20713.0747463331,..
GDP per capita (current US$),NY.GDP.PCAP.CD,Solomon Islands,SLB,1276.34851310464,1648.85412726975,1866.70724550977,1890.00090280273,2024.20286123362,1982.26968977846,..
GDP per capita (current US$),NY.GDP.PCAP.CD,Somalia,SOM,..,..,..,521.223039343867,542.615883955694,551.862668608739,..
GDP per capita (current US$),NY.GDP.PCAP.CD,South Africa,ZAF,7392.86875227427,8081.41717532479,7590.0284383506,6881.79474218603,6472.10102734624,5691.68676962801,..
GDP per capita (current US$),NY.GDP.PCAP.CD,South Sudan,SSD,1563.90419536662,1696.14566722172,944.282811578363,1157.48695804411,1115.09351496025,730.580100916022,..
GDP per capita (current US$),NY.GDP.PCAP.CD,Spain,ESP,30737.8322708385,31832.2380807085,28647.8352426892,29370.6638674201,29718.5002155441,25831.5823052954,..
GDP per capita (current US$),NY.GDP.PCAP.CD,Sri Lanka,LKA,2819.65130924227,3221.15151931614,3350.68542319869,3610.19517423536,3852.88076041162,3926.17439589454,..
GDP per capita (current US$),NY.GDP.PCAP.CD,St. Kitts and Nevis,KNA,13226.952311419,13737.3227221712,13642.4955990473,14498.6348385917,15739.0467600682,16589.0889630003,..
GDP per capita (current US$),NY.GDP.PCAP.CD,St. Lucia,LCA,7043.50693641944,7195.66983286458,7248.23455220381,7319.52375292931,7647.52950287542,7764.3140012969,..
GDP per capita (current US$),NY.GDP.PCAP.CD,St. Martin (French part),MAF,..,..,..,..,..,..,..
GDP per capita (current US$),NY.GDP.PCAP.CD,St. Vincent and the Grenadines,VCT,6231.71322553846,6183.67682211986,6337.76995939727,6591.56644914052,6672.8105374028,6864.238392894,..
GDP per capita (current US$),NY.GDP.PCAP.CD,Sudan,SDN,1421.53294242954,1596.44520955706,1662.28764084999,1726.0801560363,1875.84328741646,2089.40021206806,..
GDP per capita (current US$),NY.GDP.PCAP.CD,Suriname,SUR,8430.90596506227,8448.50426083464,9422.27099435231,9618.35053127583,9680.11591367368,8983.63387597313,..
GDP per capita (current US$),NY.GDP.PCAP.CD,Swaziland,SWZ,2956.69679468117,4093.38423704067,3988.66716715612,3648.07490006921,3477.14924558956,3154.7529806827,..
GDP per capita (current US$),NY.GDP.PCAP.CD,Sweden,SWE,52076.4305245885,59593.6847982389,57134.0770682404,60283.24522267,58899.9797944845,50272.9415019928,..
GDP per capita (current US$),NY.GDP.PCAP.CD,Switzerland,CHE,74277.1205125567,88002.6095703805,83208.68654235,84669.2929367996,85610.8420285261,80214.7301520483,..
GDP per capita (current US$),NY.GDP.PCAP.CD,Syrian Arab Republic,SYR,..,..,..,..,..,..,..
GDP per capita (current US$),NY.GDP.PCAP.CD,Tajikistan,TJK,744.189892165383,841.219870374428,962.439124853526,1048.66690599689,1113.36635446715,925.91188767081,..
GDP per capita (current US$),NY.GDP.PCAP.CD,Tanzania,TZA,708.521932325363,740.383900829825,827.52888076909,909.330141239446,954.618987954616,864.857502346707,..
GDP per capita (current US$),NY.GDP.PCAP.CD,Thailand,THA,5111.90920222917,5539.49436810396,5915.22114668686,6225.05228315387,5969.94011583791,5816.44068998475,..
GDP per capita (current US$),NY.GDP.PCAP.CD,Timor-Leste,TMP,875.836569271265,1015.71592799663,1127.10821457355,1117.73125130819,1131.23085071824,1134.42642789183,..
GDP per capita (current US$),NY.GDP.PCAP.CD,Togo,TGO,496.482494202806,572.025703222528,573.207476512184,589.014053731293,629.9976439467,547.974683363941,..
GDP per capita (current US$),NY.GDP.PCAP.CD,Tonga,TON,3557.73718366504,4226.69274653294,4364.30924422214,4117.31098292096,4114.05211511279,..,..
GDP per capita (current US$),NY.GDP.PCAP.CD,Trinidad and Tobago,TTO,15840.4426914159,18287.3907851354,18322.323800986,20217.0322820943,21317.449265568,20444.0785895112,..
GDP per capita (current US$),NY.GDP.PCAP.CD,Tunisia,TUN,4176.59159013024,4291.87604315683,4179.46434367471,4248.89127558615,4328.90419734881,3872.51208364171,..
GDP per capita (current US$),NY.GDP.PCAP.CD,Turkey,TUR,10111.5177049589,10538.4351203671,10539.3703371146,10800.3579763053,10303.8988002501,9130.02606479616,..
GDP per capita (current US$),NY.GDP.PCAP.CD,Turkmenistan,TKM,4479.01235418457,5724.53710231112,6797.72116602834,7480.32167773692,8193.72029690445,6947.84002260404,..
GDP per capita (current US$),NY.GDP.PCAP.CD,Turks and Caicos Islands,TCA,..,..,..,..,..,..,..
GDP per capita (current US$),NY.GDP.PCAP.CD,Tuvalu,TUV,3238.37576273905,3993.50025430234,4044.19378022487,3880.19087861123,3826.90331140252,..,..
GDP per capita (current US$),NY.GDP.PCAP.CD,Uganda,UGA,608.813023856722,591.438623816353,656.398072749334,674.341641819883,714.567356471156,675.573466220693,..
GDP per capita (current US$),NY.GDP.PCAP.CD,Ukraine,UKR,2973.99648071562,3569.75702740477,3855.4212801318,3986.28296611562,3065.16422265266,2114.95471628444,..
GDP per capita (current US$),NY.GDP.PCAP.CD,United Arab Emirates,ARE,34341.9112921486,39901.2209155518,41712.1242109135,42831.0891322689,43962.7136932011,40438.3763627115,..
GDP per capita (current US$),NY.GDP.PCAP.CD,United Kingdom,GBR,38292.8711313583,41020.3769643089,41294.5148008666,42294.8901157814,46278.5202128829,43734.0001709187,..
GDP per capita (current US$),NY.GDP.PCAP.CD,United States,USA,48374.0867933094,49781.8006563523,51433.0470904727,52660.2951049798,54398.4600093994,55836.7926308733,..
GDP per capita (current US$),NY.GDP.PCAP.CD,Uruguay,URY,11938.2750549849,14166.5576669096,15092.4720586676,16881.38400062,16737.973101175,15573.9009189374,..
GDP per capita (current US$),NY.GDP.PCAP.CD,Uzbekistan,UZB,1377.08214046938,1544.82777273524,1719.03619624155,1877.9645118434,2052.58678135925,2132.07244181734,..
GDP per capita (current US$),NY.GDP.PCAP.CD,Vanuatu,VUT,2965.75223011673,3275.02398203673,3158.4209735273,3167.05530330465,3147.96485986836,..,..
GDP per capita (current US$),NY.GDP.PCAP.CD,"Venezuela, RB",VEN,13581.3533771018,10754.5928790654,12771.5950361107,12265.03113567,..,..,..
GDP per capita (current US$),NY.GDP.PCAP.CD,Vietnam,VNM,1333.58352635481,1542.67043610149,1754.5479738641,1907.56438167972,2052.31908380089,2111.13802366815,..
GDP per capita (current US$),NY.GDP.PCAP.CD,Virgin Islands (U.S.),VIR,..,..,..,..,..,..,..
GDP per capita (current US$),NY.GDP.PCAP.CD,West Bank and Gaza,WBG,2338.71987682303,2663.53702496611,2787.16973802917,2992.20099455427,2960.77800405245,2866.80010121789,..
GDP per capita (current US$),NY.GDP.PCAP.CD,"Yemen, Rep.",YEM,1310.05383929542,1282.39883187217,1289.03407763668,1408.14619260488,..,..,..
GDP per capita (current US$),NY.GDP.PCAP.CD,Zambia,ZMB,1456.12652618031,1635.54730435222,1724.74356387435,1839.52248112115,1725.97454864009,1307.78861109883,..
GDP per capita (current US$),NY.GDP.PCAP.CD,Zimbabwe,ZWE,674.268695411166,768.556409302399,850.827696604891,905.500321786172,931.19818468692,890.416087751634,..
,,,,,,,,,,
,,,,,,,,,,
,,,,,,,,,,
Data from database: World Development Indicators,,,,,,,,,,
Last Updated: 10/14/2016,,,,,,,,,,
